https://storage.googleapis.com/kubernetes-jenkins/logs/apiserver-network-proxy-push-images/1504875464009715712/build-log.txt	1926	1930
https://storage.googleapis.com/kubernetes-jenkins/logs/aws-iam-authenticator-push-images/1499491630825082880/build-log.txt	261	262
https://storage.googleapis.com/kubernetes-jenkins/logs/ci-aws-ebs-csi-driver-migration-test/1507104136758300672/build-log.txt	37	46
https://storage.googleapis.com/kubernetes-jenkins/logs/ci-benchmark-microbenchmarks/1499484334300598272/build-log.txt	2	2
https://storage.googleapis.com/kubernetes-jenkins/logs/ci-benchmark-microbenchmarks/1499494652145831936/build-log.txt	2	2
https://storage.googleapis.com/kubernetes-jenkins/logs/ci-benchmark-microbenchmarks/1499499685738450944/build-log.txt	2	2
https://storage.googleapis.com/kubernetes-jenkins/logs/ci-benchmark-microbenchmarks/1500879667953930240/build-log.txt	2	2
https://storage.googleapis.com/kubernetes-jenkins/logs/ci-benchmark-microbenchmarks/1500945204331417600/build-log.txt	2	2
https://storage.googleapis.com/kubernetes-jenkins/logs/ci-benchmark-microbenchmarks/1501660950233616384/build-log.txt	2	2
https://storage.googleapis.com/kubernetes-jenkins/logs/ci-benchmark-microbenchmarks/1502167768206675968/build-log.txt	2	2
https://storage.googleapis.com/kubernetes-jenkins/logs/ci-containerd-e2e-cos-gce-1-4/1499481565665693696/build-log.txt	416	427
https://storage.googleapis.com/kubernetes-jenkins/logs/ci-containerd-e2e-cos-gce-1-4/1499496665613078528/build-log.txt	399	428
https://storage.googleapis.com/kubernetes-jenkins/logs/ci-containerd-e2e-cos-gce-1-4/1500864568212066304/build-log.txt	416	427
https://storage.googleapis.com/kubernetes-jenkins/logs/ci-containerd-e2e-cos-gce-1-4/1505683943586795520/build-log.txt	416	427
https://storage.googleapis.com/kubernetes-jenkins/logs/ci-containerd-soak-cos-gce/1499477036358438912/build-log.txt	661	679
https://storage.googleapis.com/kubernetes-jenkins/logs/ci-cos-containerd-e2e-ubuntu-gce/1499476280968482816/build-log.txt	308	335
https://storage.googleapis.com/kubernetes-jenkins/logs/ci-cri-containerd-e2e-cos-gce/1502165000326746112/build-log.txt	83382	83401
https://storage.googleapis.com/kubernetes-jenkins/logs/ci-cri-containerd-e2e-cos-gce-flaky/1501725012065783808/build-log.txt	1025	1044
https://storage.googleapis.com/kubernetes-jenkins/logs/ci-cri-containerd-e2e-cos-gce-slow/1499474267358629888/build-log.txt	62159	62182
https://storage.googleapis.com/kubernetes-jenkins/logs/ci-crio-cgroupv1-node-e2e-alpha/1499477790762733568/build-log.txt	3444	3576
https://storage.googleapis.com/kubernetes-jenkins/logs/ci-crio-cgroupv1-node-e2e-flaky/1499491632230174720/build-log.txt	466	503
https://storage.googleapis.com/kubernetes-jenkins/logs/ci-crio-cgroupv1-node-e2e-flaky/1500945456098709504/build-log.txt	465	500
https://storage.googleapis.com/kubernetes-jenkins/logs/ci-crio-cgroupv2-node-e2e-conformance/1499476281727651840/build-log.txt	3256	3263
https://storage.googleapis.com/kubernetes-jenkins/logs/ci-dualstack-azure-e2e-1-22/1501724262128422912/build-log.txt	99	99
https://storage.googleapis.com/kubernetes-jenkins/logs/ci-gce-pd-csi-driver-latest-k8s-master-windows-2019-migration/1500534893069733888/build-log.txt	91	91
https://storage.googleapis.com/kubernetes-jenkins/logs/ci-gce-pd-csi-driver-latest-k8s-master-windows-2019-migration/1502168271795785728/build-log.txt	91	91
https://storage.googleapis.com/kubernetes-jenkins/logs/ci-gce-pd-csi-driver-latest-k8s-master-windows-2019-migration/1505312744142802944/build-log.txt	91	91
https://storage.googleapis.com/kubernetes-jenkins/logs/ci-gce-pd-csi-driver-latest-k8s-master-windows-20h2-migration/1502166761468858368/build-log.txt	91	91
https://storage.googleapis.com/kubernetes-jenkins/logs/ci-gcp-compute-persistent-disk-csi-driver-latest-k8s-master-migration/1521977747679744000/build-log.txt	3145	3145
https://storage.googleapis.com/kubernetes-jenkins/logs/ci-k8sio-audit/1521978754711162880/build-log.txt	107	109
https://storage.googleapis.com/kubernetes-jenkins/logs/ci-k8sio-groups/1511119304135806976/build-log.txt	60	60
https://storage.googleapis.com/kubernetes-jenkins/logs/ci-k8sio-groups/1517012465781575680/build-log.txt	134	134
https://storage.googleapis.com/kubernetes-jenkins/logs/ci-kubemci-ingress-conformance/1499478797483773952/build-log.txt	387	398
https://storage.googleapis.com/kubernetes-jenkins/logs/ci-kubemci-ingress-conformance/1499493897762508800/build-log.txt	387	398
https://storage.googleapis.com/kubernetes-jenkins/logs/ci-kubemci-ingress-conformance/1499782678893826048/build-log.txt	387	398
https://storage.googleapis.com/kubernetes-jenkins/logs/ci-kubemci-ingress-conformance/1501729542228676608/build-log.txt	387	398
https://storage.googleapis.com/kubernetes-jenkins/logs/ci-kubemci-ingress-conformance/1502171795174723584/build-log.txt	387	398
https://storage.googleapis.com/kubernetes-jenkins/logs/ci-kubemci-ingress-conformance/1505317777274048512/build-log.txt	387	398
https://storage.googleapis.com/kubernetes-jenkins/logs/ci-kubemci-ingress-conformance/1505681427226693632/build-log.txt	386	397
https://storage.googleapis.com/kubernetes-jenkins/logs/ci-kubernetes-coverage-conformance/1499476281148837888/build-log.txt	157	160
https://storage.googleapis.com/kubernetes-jenkins/logs/ci-kubernetes-coverage-conformance/1499491380907479040/build-log.txt	157	160
https://storage.googleapis.com/kubernetes-jenkins/logs/ci-kubernetes-coverage-conformance/1501729290402664448/build-log.txt	158	160
https://storage.googleapis.com/kubernetes-jenkins/logs/ci-kubernetes-coverage-conformance/1505680923755024384/build-log.txt	157	160
https://storage.googleapis.com/kubernetes-jenkins/logs/ci-kubernetes-coverage-conformance/1516903496945766400/build-log.txt	157	170
https://storage.googleapis.com/kubernetes-jenkins/logs/ci-kubernetes-coverage-e2e-gci-gce/1499491632033042432/build-log.txt	161	173
https://storage.googleapis.com/kubernetes-jenkins/logs/ci-kubernetes-coverage-e2e-gci-gce/1499780413613150208/build-log.txt	185	185
https://storage.googleapis.com/kubernetes-jenkins/logs/ci-kubernetes-coverage-e2e-gci-gce/1500526336064622592/build-log.txt	161	164
https://storage.googleapis.com/kubernetes-jenkins/logs/ci-kubernetes-coverage-e2e-gci-gce/1500541435697434624/build-log.txt	161	164
https://storage.googleapis.com/kubernetes-jenkins/logs/ci-kubernetes-coverage-e2e-gci-gce/1502171291925352448/build-log.txt	161	164
https://storage.googleapis.com/kubernetes-jenkins/logs/ci-kubernetes-coverage-e2e-gci-gce/1502825031141429248/build-log.txt	161	164
https://storage.googleapis.com/kubernetes-jenkins/logs/ci-kubernetes-coverage-e2e-gci-gce/1505317525800357888/build-log.txt	161	178
https://storage.googleapis.com/kubernetes-jenkins/logs/ci-kubernetes-e2e-aks-engine-azure-master-windows-containerd-1-23/1499480055984689152/build-log.txt	7766	7857
https://storage.googleapis.com/kubernetes-jenkins/logs/ci-kubernetes-e2e-autoscaling-vpa-actuation/1521220085769834496/build-log.txt	273	276
https://storage.googleapis.com/kubernetes-jenkins/logs/ci-kubernetes-e2e-autoscaling-vpa-full/1505675135330291712/build-log.txt	926	947
https://storage.googleapis.com/kubernetes-jenkins/logs/ci-kubernetes-e2e-autoscaling-vpa-recommender/1499476031478697984/build-log.txt	750	775
https://storage.googleapis.com/kubernetes-jenkins/logs/ci-kubernetes-e2e-autoscaling-vpa-updater/1499494150435770368/build-log.txt	744	764
https://storage.googleapis.com/kubernetes-jenkins/logs/ci-kubernetes-e2e-gce-canary/1499479300645064704/build-log.txt	367	367
https://storage.googleapis.com/kubernetes-jenkins/logs/ci-kubernetes-e2e-gce-canary/1499486851973517312/build-log.txt	367	367
https://storage.googleapis.com/kubernetes-jenkins/logs/ci-kubernetes-e2e-gce-canary/1500882184548913152/build-log.txt	367	367
https://storage.googleapis.com/kubernetes-jenkins/logs/ci-kubernetes-e2e-gce-canary/1501658181330276352/build-log.txt	367	367
https://storage.googleapis.com/kubernetes-jenkins/logs/ci-kubernetes-e2e-gce-cos-k8sbeta-default/1499479803990904832/build-log.txt	52394	52458
https://storage.googleapis.com/kubernetes-jenkins/logs/ci-kubernetes-e2e-gce-cos-k8sbeta-default/1500520296254279680/build-log.txt	7720	7740
https://storage.googleapis.com/kubernetes-jenkins/logs/ci-kubernetes-e2e-gce-cos-k8sbeta-reboot/1499476532710608896/build-log.txt	306	333
https://storage.googleapis.com/kubernetes-jenkins/logs/ci-kubernetes-e2e-gce-gpu-stable1-latest-master-upgrade/1499489870442139648/build-log.txt	194	194
https://storage.googleapis.com/kubernetes-jenkins/logs/ci-kubernetes-e2e-gce-node-containerd-throughput/1501657426233921536/build-log.txt	838	863
https://storage.googleapis.com/kubernetes-jenkins/logs/ci-kubernetes-e2e-gce-stable1-latest-gci-kubectl-skew-serial/1500238184808714240/build-log.txt	190	190
https://storage.googleapis.com/kubernetes-jenkins/logs/ci-kubernetes-e2e-gce-stable1-latest-upgrade-cluster/1499496665764073472/build-log.txt	191	191
https://storage.googleapis.com/kubernetes-jenkins/logs/ci-kubernetes-e2e-gce-stable1-latest-upgrade-cluster-new/1499495155579752448/build-log.txt	191	191
https://storage.googleapis.com/kubernetes-jenkins/logs/ci-kubernetes-e2e-gce-stable1-latest-upgrade-cluster-new-parallel/1499480810892300288/build-log.txt	191	191
https://storage.googleapis.com/kubernetes-jenkins/logs/ci-kubernetes-e2e-gce-stable1-latest-upgrade-cluster-new-parallel/1501663466702770176/build-log.txt	191	206
https://storage.googleapis.com/kubernetes-jenkins/logs/ci-kubernetes-e2e-gce-stable1-latest-upgrade-cluster-parallel/1499496917288095744/build-log.txt	191	191
https://storage.googleapis.com/kubernetes-jenkins/logs/ci-kubernetes-e2e-gce-stable1-latest-upgrade-cluster-parallel/1502164496800550912/build-log.txt	191	191
https://storage.googleapis.com/kubernetes-jenkins/logs/ci-kubernetes-e2e-gce-stable1-latest-upgrade-master/1499501698597523456/build-log.txt	191	191
https://storage.googleapis.com/kubernetes-jenkins/logs/ci-kubernetes-e2e-gce-stable1-latest-upgrade-master-parallel/1499478042492276736/build-log.txt	191	191
https://storage.googleapis.com/kubernetes-jenkins/logs/ci-kubernetes-e2e-gce-stable1-latest-upgrade-master-parallel/1500538667662315520/build-log.txt	191	191
https://storage.googleapis.com/kubernetes-jenkins/logs/ci-kubernetes-e2e-gce-stable1-latest-upgrade-master-parallel/1501660448028626944/build-log.txt	191	191
https://storage.googleapis.com/kubernetes-jenkins/logs/ci-kubernetes-e2e-gce-stable1-latest-upgrade-master-parallel/1502176324863660032/build-log.txt	191	191
https://storage.googleapis.com/kubernetes-jenkins/logs/ci-kubernetes-e2e-gce-stable1-stable2-gci-kubectl-skew/1499785195753050112/build-log.txt	190	190
https://storage.googleapis.com/kubernetes-jenkins/logs/ci-kubernetes-e2e-gce-stable2-stable1-gci-kubectl-skew-serial/1500873124692889600/build-log.txt	131	131
https://storage.googleapis.com/kubernetes-jenkins/logs/ci-kubernetes-e2e-gce-stable2-stable1-upgrade-cluster/1501726018824572928/build-log.txt	132	132
https://storage.googleapis.com/kubernetes-jenkins/logs/ci-kubernetes-e2e-gce-stable2-stable1-upgrade-cluster/1516902490065342464/build-log.txt	323	326
https://storage.googleapis.com/kubernetes-jenkins/logs/ci-kubernetes-e2e-gce-taint-evict/1499477539335180288/build-log.txt	594	596
https://storage.googleapis.com/kubernetes-jenkins/logs/ci-kubernetes-e2e-gce-taint-evict/1499487102209888256/build-log.txt	594	596
https://storage.googleapis.com/kubernetes-jenkins/logs/ci-kubernetes-e2e-gce-taint-evict/1500530614435057664/build-log.txt	596	596
https://storage.googleapis.com/kubernetes-jenkins/logs/ci-kubernetes-e2e-gce-taint-evict/1500870608219541504/build-log.txt	596	596
https://storage.googleapis.com/kubernetes-jenkins/logs/ci-kubernetes-e2e-gce-taint-evict/1505673877483687936/build-log.txt	596	596
https://storage.googleapis.com/kubernetes-jenkins/logs/ci-kubernetes-e2e-gci-gce-alpha-enabled-default/1499479049733410816/build-log.txt	407	418
https://storage.googleapis.com/kubernetes-jenkins/logs/ci-kubernetes-e2e-gci-gce-alpha-enabled-default/1499486851898019840/build-log.txt	407	418
https://storage.googleapis.com/kubernetes-jenkins/logs/ci-kubernetes-e2e-gci-gce-alpha-enabled-default/1499494651952893952/build-log.txt	409	420
https://storage.googleapis.com/kubernetes-jenkins/logs/ci-kubernetes-e2e-gci-gce-alpha-enabled-default/1500866329966546944/build-log.txt	407	418
https://storage.googleapis.com/kubernetes-jenkins/logs/ci-kubernetes-e2e-gci-gce-alpha-enabled-default/1501658181250584576/build-log.txt	402	413
https://storage.googleapis.com/kubernetes-jenkins/logs/ci-kubernetes-e2e-gci-gce-alpha-enabled-default/1501727780700688384/build-log.txt	402	413
https://storage.googleapis.com/kubernetes-jenkins/logs/ci-kubernetes-e2e-gci-gce-alpha-enabled-default/1502166006938734592/build-log.txt	407	418
https://storage.googleapis.com/kubernetes-jenkins/logs/ci-kubernetes-e2e-gci-gce-alpha-enabled-default/1503457225107050496/build-log.txt	407	418
https://storage.googleapis.com/kubernetes-jenkins/logs/ci-kubernetes-e2e-gci-gce-alpha-enabled-default/1505323565304516608/build-log.txt	407	418
https://storage.googleapis.com/kubernetes-jenkins/logs/ci-kubernetes-e2e-gci-gce-flaky/1499480810850357248/build-log.txt	2135	2150
https://storage.googleapis.com/kubernetes-jenkins/logs/ci-kubernetes-e2e-gci-gce-flaky/1499491632653799424/build-log.txt	845	860
https://storage.googleapis.com/kubernetes-jenkins/logs/ci-kubernetes-e2e-gci-gce-flaky-repro/1499474770817716224/build-log.txt	2913	2934
https://storage.googleapis.com/kubernetes-jenkins/logs/ci-kubernetes-e2e-gci-gce-flaky-repro/1499484083082760192/build-log.txt	43542	43564
https://storage.googleapis.com/kubernetes-jenkins/logs/ci-kubernetes-e2e-gci-gce-flaky-repro/1502163490108870656/build-log.txt	17684	17694
https://storage.googleapis.com/kubernetes-jenkins/logs/ci-kubernetes-e2e-gci-gce-scalability-node-killer/1499474519411134464/build-log.txt	6111	6114
https://storage.googleapis.com/kubernetes-jenkins/logs/ci-kubernetes-e2e-gci-gce-serial-kube-dns/1505266941693005824/build-log.txt	2743	2762
https://storage.googleapis.com/kubernetes-jenkins/logs/ci-kubernetes-e2e-kubeadm-kinder-external-ca-latest/1501730045608071168/build-log.txt	344	345
https://storage.googleapis.com/kubernetes-jenkins/logs/ci-kubernetes-e2e-kubeadm-kinder-unversioned-kubelet-config-map-latest/1500944449436389376/build-log.txt	2164	2241
https://storage.googleapis.com/kubernetes-jenkins/logs/ci-kubernetes-e2e-node-canary/1499476532849020928/build-log.txt	221	254
https://storage.googleapis.com/kubernetes-jenkins/logs/ci-kubernetes-e2e-node-canary/1499491884190404608/build-log.txt	224	253
https://storage.googleapis.com/kubernetes-jenkins/logs/ci-kubernetes-e2e-node-canary/1499780916787023872/build-log.txt	224	255
https://storage.googleapis.com/kubernetes-jenkins/logs/ci-kubernetes-e2e-node-canary/1502171795292164096/build-log.txt	227	255
https://storage.googleapis.com/kubernetes-jenkins/logs/ci-kubernetes-e2e-node-canary/1516905258251456512/build-log.txt	96	97
https://storage.googleapis.com/kubernetes-jenkins/logs/ci-kubernetes-e2e-prow-canary/1499476784016527360/build-log.txt	18855	18879
https://storage.googleapis.com/kubernetes-jenkins/logs/ci-kubernetes-e2e-prow-canary/1500864820608503808/build-log.txt	15402	15419
https://storage.googleapis.com/kubernetes-jenkins/logs/ci-kubernetes-e2e-storage-selinux/1500238184846462976/build-log.txt	199	199
https://storage.googleapis.com/kubernetes-jenkins/logs/ci-kubernetes-e2e-storage-selinux/1505313750595407872/build-log.txt	182	197
https://storage.googleapis.com/kubernetes-jenkins/logs/ci-kubernetes-e2e-windows-gce-2004-1-21/1499477790695624704/build-log.txt	677	681
https://storage.googleapis.com/kubernetes-jenkins/logs/ci-kubernetes-e2e-windows-gce-20h2-1-21/1499477790653681664/build-log.txt	511	518
https://storage.googleapis.com/kubernetes-jenkins/logs/ci-kubernetes-e2e-windows-gce-alpha-features/1499486599514165248/build-log.txt	398	414
https://storage.googleapis.com/kubernetes-jenkins/logs/ci-kubernetes-e2e-windows-gce-alpha-features/1500877654792867840/build-log.txt	403	414
https://storage.googleapis.com/kubernetes-jenkins/logs/ci-kubernetes-e2e-windows-gce-alpha-features/1501724760940220416/build-log.txt	403	414
https://storage.googleapis.com/kubernetes-jenkins/logs/ci-kubernetes-generate-make-test-cache/1502163238853283840/build-log.txt	2459	2460
https://storage.googleapis.com/kubernetes-jenkins/logs/ci-kubernetes-kind-conformance-parallel-ipv6/1499483327126573056/build-log.txt	11803	11824
https://storage.googleapis.com/kubernetes-jenkins/logs/ci-kubernetes-kind-e2e-parallel/1499478797521522688/build-log.txt	75628	75784
https://storage.googleapis.com/kubernetes-jenkins/logs/ci-kubernetes-local-e2e/1495840484138946560/build-log.txt	454	487
https://storage.googleapis.com/kubernetes-jenkins/logs/ci-kubernetes-node-kubelet-lock-contention/1500544959357390848/build-log.txt	495	506
https://storage.googleapis.com/kubernetes-jenkins/logs/ci-kubernetes-soak-gci-gce-beta/1505674632185778176/build-log.txt	131	131
https://storage.googleapis.com/kubernetes-jenkins/logs/ci-kubernetes-unit-1-22/1499475777308069888/build-log.txt	2368	2431
https://storage.googleapis.com/kubernetes-jenkins/logs/ci-kubernetes-unit-1-22/1499779659137552384/build-log.txt	2327	2330
https://storage.googleapis.com/kubernetes-jenkins/logs/ci-kubernetes-verify-1-23/1499478042198675456/build-log.txt	2492	2497
https://storage.googleapis.com/kubernetes-jenkins/logs/ci-kubernetes-verify-1-23/1516987551099916288/build-log.txt	2493	2498
https://storage.googleapis.com/kubernetes-jenkins/logs/ci-npd-e2e-test/1499481314070368256/build-log.txt	491	494
https://storage.googleapis.com/kubernetes-jenkins/logs/ci-npd-e2e-test/1499496413661237248/build-log.txt	491	494
https://storage.googleapis.com/kubernetes-jenkins/logs/ci-npd-e2e-test/1499779659338878976/build-log.txt	491	494
https://storage.googleapis.com/kubernetes-jenkins/logs/ci-npd-e2e-test/1499787208326909952/build-log.txt	491	494
https://storage.googleapis.com/kubernetes-jenkins/logs/ci-npd-e2e-test/1500538164073205760/build-log.txt	494	494
https://storage.googleapis.com/kubernetes-jenkins/logs/ci-npd-e2e-test/1500545713866543104/build-log.txt	494	494
https://storage.googleapis.com/kubernetes-jenkins/logs/ci-npd-e2e-test/1500988238561546240/build-log.txt	494	494
https://storage.googleapis.com/kubernetes-jenkins/logs/ci-release-build-packages-debs/1516900728541548544/build-log.txt	659	666
https://storage.googleapis.com/kubernetes-jenkins/logs/ci-release-build-packages-debs/1521978754639859712/build-log.txt	611	616
https://storage.googleapis.com/kubernetes-jenkins/logs/ci-sig-storage-local-static-provisioner-master-gce-latest/1499494400298848256/build-log.txt	553	571
https://storage.googleapis.com/kubernetes-jenkins/logs/ci-test-infra-branchprotector/1499488361302200320/build-log.txt	10209	10209
https://storage.googleapis.com/kubernetes-jenkins/logs/ci-test-infra-branchprotector/1502372417656328192/build-log.txt	10263	10263
https://storage.googleapis.com/kubernetes-jenkins/logs/ci-vsphere-conformance-latest/1499781923319320576/build-log.txt	23	27
https://storage.googleapis.com/kubernetes-jenkins/logs/e2e-kops-aws-apiserver-nodes/1502167264898584576/build-log.txt	203	204
https://storage.googleapis.com/kubernetes-jenkins/logs/e2e-kops-aws-apiserver-nodes/1516904503293513728/build-log.txt	235	249
https://storage.googleapis.com/kubernetes-jenkins/logs/e2e-kops-aws-aws-ebs-csi-driver/1499485340946141184/build-log.txt	17264	17297
https://storage.googleapis.com/kubernetes-jenkins/logs/e2e-kops-aws-cni-canal/1502173556828540928/build-log.txt	683	840
https://storage.googleapis.com/kubernetes-jenkins/logs/e2e-kops-aws-external-dns/1502168776378945536/build-log.txt	827	832
https://storage.googleapis.com/kubernetes-jenkins/logs/e2e-kops-aws-k8s-1-22/1500869853714583552/build-log.txt	838	843
https://storage.googleapis.com/kubernetes-jenkins/logs/e2e-kops-aws-k8s-latest/1499785698322944000/build-log.txt	684	688
https://storage.googleapis.com/kubernetes-jenkins/logs/e2e-kops-aws-k8s-latest/1500872873647017984/build-log.txt	836	841
https://storage.googleapis.com/kubernetes-jenkins/logs/e2e-kops-aws-misc-ha-euwest1/1500522812782153728/build-log.txt	83917	83927
https://storage.googleapis.com/kubernetes-jenkins/logs/e2e-kops-aws-misc-updown/1499780916749275136/build-log.txt	839	843
https://storage.googleapis.com/kubernetes-jenkins/logs/e2e-kops-aws-misc-updown/1500943443063476224/build-log.txt	691	698
https://storage.googleapis.com/kubernetes-jenkins/logs/e2e-kops-aws-upgrade-k122-ko122-to-k123-ko123/1499474770876436480/build-log.txt	82948	82965
https://storage.googleapis.com/kubernetes-jenkins/logs/e2e-kops-aws-upgrade-k122-kolatest-to-k123-kolatest/1499481817370071040/build-log.txt	72672	72691
https://storage.googleapis.com/kubernetes-jenkins/logs/e2e-kops-aws-upgrade-k123-ko1230-beta1-to-k123-ko123/1499485089166266368/build-log.txt	70418	70435
https://storage.googleapis.com/kubernetes-jenkins/logs/e2e-kops-grid-flannel-u2004-k21-ko21-docker/1499779659309518848/build-log.txt	69858	69875
https://storage.googleapis.com/kubernetes-jenkins/logs/e2e-kops-grid-gce-calico-u2004-k22-docker/1516997365817413632/build-log.txt	189	568
https://storage.googleapis.com/kubernetes-jenkins/logs/e2e-kops-grid-kopeio-flatcar-k23-containerd/1499478546093969408/build-log.txt	9871	9899
https://storage.googleapis.com/kubernetes-jenkins/logs/e2e-kops-grid-scenario-arm64/1499785195690135552/build-log.txt	672	673
https://storage.googleapis.com/kubernetes-jenkins/logs/e2e-kops-grid-scenario-gcr-mirror/1500880674633027584/build-log.txt	830	837
https://storage.googleapis.com/kubernetes-jenkins/logs/e2e-kops-grid-u2004-k21-ko21-containerd/1499492638758277120/build-log.txt	21644	21661
https://storage.googleapis.com/kubernetes-jenkins/logs/e2e-kops-pipeline-updown-kops122/1500944197652320256/build-log.txt	674	680
https://storage.googleapis.com/kubernetes-jenkins/logs/e2e-kops-pipeline-updown-kops122/1502167264936333312/build-log.txt	826	831
https://storage.googleapis.com/kubernetes-jenkins/logs/e2e-kops-pipeline-updown-kopsmaster/1500877654713176064/build-log.txt	828	833
https://storage.googleapis.com/kubernetes-jenkins/logs/e2e-kops-pipeline-updown-kopsmaster/1516898212022063104/build-log.txt	696	698
https://storage.googleapis.com/kubernetes-jenkins/logs/kops-postsubmit-push-to-staging/1504724113095135232/build-log.txt	1049	1050
https://storage.googleapis.com/kubernetes-jenkins/logs/metrics-bigquery/1502163238891032576/build-log.txt	98	98
https://storage.googleapis.com/kubernetes-jenkins/logs/metrics-bigquery/1502344562406854656/build-log.txt	98	98
https://storage.googleapis.com/kubernetes-jenkins/logs/metrics-kettle/1499482069170917376/build-log.txt	9	9
https://storage.googleapis.com/kubernetes-jenkins/logs/metrics-kettle/1499497168929558528/build-log.txt	3	9
https://storage.googleapis.com/kubernetes-jenkins/logs/metrics-kettle/1501657426452025344/build-log.txt	1	3
https://storage.googleapis.com/kubernetes-jenkins/logs/metrics-kettle/1502175570425810944/build-log.txt	1	3
https://storage.googleapis.com/kubernetes-jenkins/logs/metrics-kettle/1516897205074530304/build-log.txt	1	8
https://storage.googleapis.com/kubernetes-jenkins/logs/periodic-cluster-api-e2e-mink8s-main/1516897456720187392/build-log.txt	1979	2023
https://storage.googleapis.com/kubernetes-jenkins/logs/periodic-cluster-api-e2e-mink8s-release-1-0/1499476028991475712/build-log.txt	1358	1437
https://storage.googleapis.com/kubernetes-jenkins/logs/periodic-controller-runtime-test-master/1499475022769557504/build-log.txt	211	254
https://storage.googleapis.com/kubernetes-jenkins/logs/periodic-kubernetes-bazel-test-1-20/1501728032065327104/build-log.txt	121	148
https://storage.googleapis.com/kubernetes-jenkins/logs/post-csi-driver-nfs-push-images/1505022117538697216/build-log.txt	443	443
https://storage.googleapis.com/kubernetes-jenkins/logs/post-ingress-nginx-build-opentelemetry/1504628593399959552/build-log.txt	542	550
https://storage.googleapis.com/kubernetes-jenkins/logs/post-k8sio-deploy-tf-monitoring-resources/1502170746548391936/build-log.txt	4	12
https://storage.googleapis.com/kubernetes-jenkins/logs/post-k8sio-deploy-tf-monitoring-resources/1502174266748047360/build-log.txt	3	13
https://storage.googleapis.com/kubernetes-jenkins/logs/post-provider-azure-push-images/1504800134154686464/build-log.txt	1143	1147
https://storage.googleapis.com/kubernetes-jenkins/logs/post-release-push-image-go-runner/1499781304583983104/build-log.txt	2851	2856
https://storage.googleapis.com/kubernetes-jenkins/logs/post-test-infra-reconcile-hmacs/1500946505001865216/build-log.txt	6	6
https://storage.googleapis.com/kubernetes-jenkins/logs/post-test-infra-upload-testgrid-config/1502065052587397120/build-log.txt	1	1
https://storage.googleapis.com/kubernetes-jenkins/logs/test-infra-fuzz/1495841490901929984/build-log.txt	370	410
https://storage.googleapis.com/kubernetes-jenkins/logs/test-infra-fuzz/1499482069204471808/build-log.txt	370	401
https://storage.googleapis.com/kubernetes-jenkins/logs/test-infra-fuzz/1499497168967307264/build-log.txt	370	397
https://storage.googleapis.com/kubernetes-jenkins/logs/test-infra-fuzz/1499785950207676416/build-log.txt	372	402
https://storage.googleapis.com/kubernetes-jenkins/logs/test-infra-fuzz/1500241959686508544/build-log.txt	373	399
https://storage.googleapis.com/kubernetes-jenkins/logs/test-infra-fuzz/1500880926438068224/build-log.txt	370	383
https://storage.googleapis.com/kubernetes-jenkins/logs/test-infra-fuzz/1516989061267460096/build-log.txt	186	195
https://storage.googleapis.com/kubernetes-jenkins/pr-logs/pull/106497/pull-kubernetes-verify/1505604093102526464/build-log.txt	1533	1562
https://storage.googleapis.com/kubernetes-jenkins/pr-logs/pull/107132/pull-kubernetes-e2e-gce-ubuntu-containerd/1502125414175215616/build-log.txt	8741	8752
https://storage.googleapis.com/kubernetes-jenkins/pr-logs/pull/107135/pull-kubernetes-e2e-kind/1499756850713726976/build-log.txt	13206	13236
https://storage.googleapis.com/kubernetes-jenkins/pr-logs/pull/107141/pull-kubernetes-unit/1499487593887174656/build-log.txt	2437	2441
https://storage.googleapis.com/kubernetes-jenkins/pr-logs/pull/107531/pull-kubernetes-conformance-kind-ga-only-parallel/1495007828627165184/build-log.txt	597	597
https://storage.googleapis.com/kubernetes-jenkins/pr-logs/pull/107674/pull-kubernetes-conformance-kind-ga-only-parallel/1500494294174142464/build-log.txt	4427	4445
https://storage.googleapis.com/kubernetes-jenkins/pr-logs/pull/107674/pull-kubernetes-e2e-kind-ipv6/1500494294123810816/build-log.txt	24559	24576
https://storage.googleapis.com/kubernetes-jenkins/pr-logs/pull/107674/pull-kubernetes-e2e-kind-ipv6/1501495399624478720/build-log.txt	12906	12921
https://storage.googleapis.com/kubernetes-jenkins/pr-logs/pull/107674/pull-kubernetes-unit/1501495399741919232/build-log.txt	610	611
https://storage.googleapis.com/kubernetes-jenkins/pr-logs/pull/107674/pull-kubernetes-verify/1500506493852585984/build-log.txt	1452	1467
https://storage.googleapis.com/kubernetes-jenkins/pr-logs/pull/107674/pull-kubernetes-verify/1501495401906180096/build-log.txt	1793	1798
https://storage.googleapis.com/kubernetes-jenkins/pr-logs/pull/107674/pull-kubernetes-verify-govet-levee/1501495401075707904/build-log.txt	40	41
https://storage.googleapis.com/kubernetes-jenkins/pr-logs/pull/107958/pull-kubernetes-unit/1500873201721282560/build-log.txt	2476	2501
https://storage.googleapis.com/kubernetes-jenkins/pr-logs/pull/108092/pull-kubernetes-verify/1500854006791016448/build-log.txt	1021	1029
https://storage.googleapis.com/kubernetes-jenkins/pr-logs/pull/108092/pull-kubernetes-verify/1500903122447372288/build-log.txt	1021	1041
https://storage.googleapis.com/kubernetes-jenkins/pr-logs/pull/108126/pull-kubernetes-verify/1500153170955866112/build-log.txt	2079	2098
https://storage.googleapis.com/kubernetes-jenkins/pr-logs/pull/108126/pull-kubernetes-verify/1500198473373323264/build-log.txt	2079	2098
https://storage.googleapis.com/kubernetes-jenkins/pr-logs/pull/108175/pull-kubernetes-e2e-kind/1499687689278984192/build-log.txt	45	45
https://storage.googleapis.com/kubernetes-jenkins/pr-logs/pull/108175/pull-kubernetes-typecheck/1499687689526448128/build-log.txt	14	14
https://storage.googleapis.com/kubernetes-jenkins/pr-logs/pull/108175/pull-kubernetes-verify/1499687690843459584/build-log.txt	49	85
https://storage.googleapis.com/kubernetes-jenkins/pr-logs/pull/108175/pull-kubernetes-verify-govet-levee/1499687690000404480/build-log.txt	27	27
https://storage.googleapis.com/kubernetes-jenkins/pr-logs/pull/108184/pull-kubernetes-node-kubelet-serial-crio-cgroupv2/1499483363528937472/build-log.txt	341	361
https://storage.googleapis.com/kubernetes-jenkins/pr-logs/pull/108277/pull-kubernetes-e2e-kind-ipv6/1499706901535920128/build-log.txt	15717	15735
https://storage.googleapis.com/kubernetes-jenkins/pr-logs/pull/108284/pull-kubernetes-e2e-aks-engine-windows-containerd/1499691985592651776/build-log.txt	852	852
https://storage.googleapis.com/kubernetes-jenkins/pr-logs/pull/108284/pull-kubernetes-e2e-aks-engine-windows-containerd/1499736257226346496/build-log.txt	852	852
https://storage.googleapis.com/kubernetes-jenkins/pr-logs/pull/108284/pull-kubernetes-e2e-capz-azure-disk/1499736257268289536/build-log.txt	1125	1140
https://storage.googleapis.com/kubernetes-jenkins/pr-logs/pull/108284/pull-kubernetes-e2e-capz-azure-disk-vmss/1499691985676537856/build-log.txt	1137	1152
https://storage.googleapis.com/kubernetes-jenkins/pr-logs/pull/108284/pull-kubernetes-e2e-capz-azure-file/1499736257360564224/build-log.txt	1135	1148
https://storage.googleapis.com/kubernetes-jenkins/pr-logs/pull/108284/pull-kubernetes-e2e-capz-azure-file-vmss/1499691986968383488/build-log.txt	1127	1140
https://storage.googleapis.com/kubernetes-jenkins/pr-logs/pull/108350/pull-kubernetes-e2e-kind/1501702748939227136/build-log.txt	66	67
https://storage.googleapis.com/kubernetes-jenkins/pr-logs/pull/108362/pull-kubernetes-e2e-gce-ubuntu-containerd/1500498866418487296/build-log.txt	66302	66336
https://storage.googleapis.com/kubernetes-jenkins/pr-logs/pull/108362/pull-kubernetes-e2e-gce-ubuntu-containerd/1501527816921944064/build-log.txt	8639	8650
https://storage.googleapis.com/kubernetes-jenkins/pr-logs/pull/108362/pull-kubernetes-integration/1500498869765541888/build-log.txt	11543	11543
https://storage.googleapis.com/kubernetes-jenkins/pr-logs/pull/108362/pull-kubernetes-node-e2e-containerd/1501527831182577664/build-log.txt	5739	6071
https://storage.googleapis.com/kubernetes-jenkins/pr-logs/pull/108362/pull-kubernetes-verify/1500498881513787392/build-log.txt	1453	1471
https://storage.googleapis.com/kubernetes-jenkins/pr-logs/pull/108396/pull-kubernetes-unit/1500883361281871872/build-log.txt	2437	2438
https://storage.googleapis.com/kubernetes-jenkins/pr-logs/pull/108418/pull-kubernetes-conformance-kind-ga-only-parallel/1500889818597429248/build-log.txt	4054	4072
https://storage.googleapis.com/kubernetes-jenkins/pr-logs/pull/108418/pull-kubernetes-e2e-kind-ipv6/1501516853766262784/build-log.txt	14117	14134
https://storage.googleapis.com/kubernetes-jenkins/pr-logs/pull/108418/pull-kubernetes-integration/1499675626037055488/build-log.txt	10916	10916
https://storage.googleapis.com/kubernetes-jenkins/pr-logs/pull/108418/pull-kubernetes-integration/1501516852528943104/build-log.txt	10562	10567
https://storage.googleapis.com/kubernetes-jenkins/pr-logs/pull/108418/pull-kubernetes-unit/1499675633582608384/build-log.txt	2479	2504
https://storage.googleapis.com/kubernetes-jenkins/pr-logs/pull/108419/pull-kubernetes-unit/1500889351456821248/build-log.txt	2443	2443
https://storage.googleapis.com/kubernetes-jenkins/pr-logs/pull/108419/pull-kubernetes-verify/1499904665108615168/build-log.txt	1657	1679
https://storage.googleapis.com/kubernetes-jenkins/pr-logs/pull/108420/pull-kubernetes-e2e-kind-ipv6/1499716225935085568/build-log.txt	16899	16916
https://storage.googleapis.com/kubernetes-jenkins/pr-logs/pull/108432/pull-kubernetes-conformance-kind-ipv6-parallel/1499482463087366144/build-log.txt	3432	3664
https://storage.googleapis.com/kubernetes-jenkins/pr-logs/pull/108432/pull-kubernetes-e2e-aks-engine-windows-containerd/1499482469420765184/build-log.txt	267	273
https://storage.googleapis.com/kubernetes-jenkins/pr-logs/pull/108432/pull-kubernetes-node-e2e-containerd/1502091044177580032/build-log.txt	9129	9461
https://storage.googleapis.com/kubernetes-jenkins/pr-logs/pull/108432/pull-kubernetes-verify/1499482475288596480/build-log.txt	1657	1721
https://storage.googleapis.com/kubernetes-jenkins/pr-logs/pull/108445/pull-kubernetes-conformance-kind-ipv6-parallel/1499477484335271936/build-log.txt	3813	3832
https://storage.googleapis.com/kubernetes-jenkins/pr-logs/pull/108445/pull-kubernetes-node-e2e-containerd/1499477484679204864/build-log.txt	9898	10230
https://storage.googleapis.com/kubernetes-jenkins/pr-logs/pull/108457/pull-kubernetes-conformance-kind-ipv6-parallel/1499759794234331136/build-log.txt	2776	2817
https://storage.googleapis.com/kubernetes-jenkins/pr-logs/pull/108468/pull-kubernetes-node-e2e-containerd/1501262367202217984/build-log.txt	368	380
https://storage.googleapis.com/kubernetes-jenkins/pr-logs/pull/108480/pull-kubernetes-verify/1499476047551270912/build-log.txt	1656	1723
https://storage.googleapis.com/kubernetes-jenkins/pr-logs/pull/108482/pull-kubernetes-e2e-gce-100-performance/1499496964109111296/build-log.txt	1057	1063
https://storage.googleapis.com/kubernetes-jenkins/pr-logs/pull/108482/pull-kubernetes-e2e-gce-ubuntu-containerd/1499496953921146880/build-log.txt	35	43
https://storage.googleapis.com/kubernetes-jenkins/pr-logs/pull/108482/pull-kubernetes-node-e2e-containerd/1499496962431389696/build-log.txt	35	41
https://storage.googleapis.com/kubernetes-jenkins/pr-logs/pull/108482/pull-kubernetes-verify/1499495897162059776/build-log.txt	937	942
https://storage.googleapis.com/kubernetes-jenkins/pr-logs/pull/108482/pull-kubernetes-verify/1499496966625693696/build-log.txt	937	942
https://storage.googleapis.com/kubernetes-jenkins/pr-logs/pull/108482/pull-kubernetes-verify-govet-levee/1499496965795221504/build-log.txt	937	942
https://storage.googleapis.com/kubernetes-jenkins/pr-logs/pull/108486/pull-kubernetes-e2e-gce-ubuntu-containerd/1500432253451243520/build-log.txt	763	774
https://storage.googleapis.com/kubernetes-jenkins/pr-logs/pull/108486/pull-kubernetes-typecheck/1500425572868689920/build-log.txt	178	188
https://storage.googleapis.com/kubernetes-jenkins/pr-logs/pull/108486/pull-kubernetes-unit/1500432253698707456/build-log.txt	2437	2449
https://storage.googleapis.com/kubernetes-jenkins/pr-logs/pull/108486/pull-kubernetes-verify-govet-levee/1500425573703356416/build-log.txt	40	41
https://storage.googleapis.com/kubernetes-jenkins/pr-logs/pull/108489/pull-kubernetes-unit/1499767841413402624/build-log.txt	2476	2535
https://storage.googleapis.com/kubernetes-jenkins/pr-logs/pull/108492/pull-kubernetes-conformance-kind-ga-only-parallel/1499676975650836480/build-log.txt	2508	2524
https://storage.googleapis.com/kubernetes-jenkins/pr-logs/pull/108492/pull-kubernetes-unit/1499676975688585216/build-log.txt	2472	2529
https://storage.googleapis.com/kubernetes-jenkins/pr-logs/pull/108496/pull-kubernetes-e2e-gci-gce-ipvs/1499475915971760128/build-log.txt	11151	11225
https://storage.googleapis.com/kubernetes-jenkins/pr-logs/pull/108496/pull-kubernetes-e2e-gci-gce-ipvs/1499762476126834688/build-log.txt	8552	8636
https://storage.googleapis.com/kubernetes-jenkins/pr-logs/pull/108500/pull-kubernetes-verify/1499475484646313984/build-log.txt	1657	1703
https://storage.googleapis.com/kubernetes-jenkins/pr-logs/pull/108503/pull-kubernetes-conformance-kind-ipv6-parallel/1499488813641109504/build-log.txt	15740	15790
https://storage.googleapis.com/kubernetes-jenkins/pr-logs/pull/108503/pull-kubernetes-e2e-gce-ubuntu-containerd/1499488813729189888/build-log.txt	755	766
https://storage.googleapis.com/kubernetes-jenkins/pr-logs/pull/108503/pull-kubernetes-e2e-kind-ipv6/1499488813888573440/build-log.txt	8159	8177
https://storage.googleapis.com/kubernetes-jenkins/pr-logs/pull/108503/pull-kubernetes-unit/1499488814010208256/build-log.txt	2437	2440
https://storage.googleapis.com/kubernetes-jenkins/pr-logs/pull/108507/pull-kubernetes-conformance-kind-ipv6-parallel/1499699726885326848/build-log.txt	3942	3960
https://storage.googleapis.com/kubernetes-jenkins/pr-logs/pull/108509/pull-kubernetes-unit/1499670501390290944/build-log.txt	2434	2466
https://storage.googleapis.com/kubernetes-jenkins/pr-logs/pull/108512/pull-kubernetes-conformance-kind-ipv6-parallel/1499739494901878784/build-log.txt	11692	11710
https://storage.googleapis.com/kubernetes-jenkins/pr-logs/pull/108512/pull-kubernetes-conformance-kind-ipv6-parallel/1499774193711976448/build-log.txt	4370	4453
https://storage.googleapis.com/kubernetes-jenkins/pr-logs/pull/108512/pull-kubernetes-e2e-gce-ubuntu-containerd/1499697891134935040/build-log.txt	43812	43831
https://storage.googleapis.com/kubernetes-jenkins/pr-logs/pull/108512/pull-kubernetes-unit/1499697891369816064/build-log.txt	2434	2476
https://storage.googleapis.com/kubernetes-jenkins/pr-logs/pull/108513/pull-kubernetes-e2e-kind-ipv6/1499711866459394048/build-log.txt	19777	19794
https://storage.googleapis.com/kubernetes-jenkins/pr-logs/pull/108515/pull-kubernetes-conformance-kind-ga-only-parallel/1499754061564481536/build-log.txt	756	822
https://storage.googleapis.com/kubernetes-jenkins/pr-logs/pull/108515/pull-kubernetes-e2e-kind/1499754061472206848/build-log.txt	725	790
https://storage.googleapis.com/kubernetes-jenkins/pr-logs/pull/108531/pull-kubernetes-e2e-kind-ipv6/1499907171112980480/build-log.txt	14588	14600
https://storage.googleapis.com/kubernetes-jenkins/pr-logs/pull/108533/pull-kubernetes-e2e-kind-ipv6/1500508209712992256/build-log.txt	1880	1880
https://storage.googleapis.com/kubernetes-jenkins/pr-logs/pull/108568/pull-kubernetes-e2e-kind-ipv6/1500855396338765824/build-log.txt	70	71
https://storage.googleapis.com/kubernetes-jenkins/pr-logs/pull/108568/pull-kubernetes-node-e2e-containerd/1500855396468789248/build-log.txt	341	342
https://storage.googleapis.com/kubernetes-jenkins/pr-logs/pull/108568/pull-kubernetes-typecheck/1500864584473382912/build-log.txt	29	48
https://storage.googleapis.com/kubernetes-jenkins/pr-logs/pull/108569/pull-kubernetes-integration/1500866032431009792/build-log.txt	10741	10741
https://storage.googleapis.com/kubernetes-jenkins/pr-logs/pull/108574/pull-kubernetes-e2e-kind/1500927391134912512/build-log.txt	7311	7322
https://storage.googleapis.com/kubernetes-jenkins/pr-logs/pull/108578/pull-kubernetes-integration/1501985653003390976/build-log.txt	69	72
https://storage.googleapis.com/kubernetes-jenkins/pr-logs/pull/108578/pull-kubernetes-node-e2e-containerd/1501985653213106176/build-log.txt	174	177
https://storage.googleapis.com/kubernetes-jenkins/pr-logs/pull/108578/pull-kubernetes-verify-govet-levee/1501985653779337216/build-log.txt	40	44
https://storage.googleapis.com/kubernetes-jenkins/pr-logs/pull/108614/pull-kubernetes-e2e-kind-ipv6/1501646745111629824/build-log.txt	5780	5823
https://storage.googleapis.com/kubernetes-jenkins/pr-logs/pull/108614/pull-kubernetes-unit/1501646748479655936/build-log.txt	2431	2437
https://storage.googleapis.com/kubernetes-jenkins/pr-logs/pull/108620/pull-kubernetes-typecheck/1501724260018688000/build-log.txt	178	178
https://storage.googleapis.com/kubernetes-jenkins/pr-logs/pull/108620/pull-kubernetes-verify-govet-levee/1501724260454895616/build-log.txt	40	41
https://storage.googleapis.com/kubernetes-jenkins/pr-logs/pull/108625/pull-kubernetes-e2e-gce-100-performance/1505705060720447488/build-log.txt	753	755
https://storage.googleapis.com/kubernetes-jenkins/pr-logs/pull/108625/pull-kubernetes-node-e2e-containerd/1516987285541752832/build-log.txt	2435	4581
https://storage.googleapis.com/kubernetes-jenkins/pr-logs/pull/108648/pull-kubernetes-unit/1502114253425872896/build-log.txt	2430	2432
https://storage.googleapis.com/kubernetes-jenkins/pr-logs/pull/108648/pull-kubernetes-unit/1502126528698257408/build-log.txt	2465	2470
https://storage.googleapis.com/kubernetes-jenkins/pr-logs/pull/108648/pull-kubernetes-verify/1502303566054821888/build-log.txt	2232	2243
https://storage.googleapis.com/kubernetes-jenkins/pr-logs/pull/108651/pull-kubernetes-node-e2e-containerd/1502148901149347840/build-log.txt	11114	11129
https://storage.googleapis.com/kubernetes-jenkins/pr-logs/pull/108651/pull-kubernetes-verify/1502148903397494784/build-log.txt	1678	1680
https://storage.googleapis.com/kubernetes-jenkins/pr-logs/pull/108652/pull-kubernetes-verify/1502159253920550912/build-log.txt	813	827
https://storage.googleapis.com/kubernetes-jenkins/pr-logs/pull/109005/pull-kubernetes-e2e-gce-iscsi/1516786324424626176/build-log.txt	774	774
https://storage.googleapis.com/kubernetes-jenkins/pr-logs/pull/109005/pull-kubernetes-e2e-gce-iscsi-serial/1516786324466569216/build-log.txt	774	774
https://storage.googleapis.com/kubernetes-jenkins/pr-logs/pull/109048/pull-kubernetes-unit/1507725298571939840/build-log.txt	2476	2507
https://storage.googleapis.com/kubernetes-jenkins/pr-logs/pull/109130/pull-kubernetes-e2e-kind-ipv6/1516895537700278272/build-log.txt	26117	26132
https://storage.googleapis.com/kubernetes-jenkins/pr-logs/pull/109371/pull-kubernetes-node-e2e-containerd/1516861335185395712/build-log.txt	2378	2410
https://storage.googleapis.com/kubernetes-jenkins/pr-logs/pull/109568/pull-kubernetes-e2e-gce-100-performance/1516846036969066496/build-log.txt	672	674
https://storage.googleapis.com/kubernetes-jenkins/pr-logs/pull/109571/pull-kubernetes-e2e-gce-100-performance/1516813875683528704/build-log.txt	707	708
https://storage.googleapis.com/kubernetes-jenkins/pr-logs/pull/110200/pull-kubernetes-verify/1529203370034728960/build-log.txt	2243	2248
https://storage.googleapis.com/kubernetes-jenkins/pr-logs/pull/93438/pull-kubernetes-e2e-kind-ipv6/1502089271631155200/build-log.txt	2205	2225
https://storage.googleapis.com/kubernetes-jenkins/pr-logs/pull/97937/pull-kubernetes-e2e-kind/1502371612463206400/build-log.txt	938	943
https://storage.googleapis.com/kubernetes-jenkins/pr-logs/pull/99488/pull-kubernetes-integration/1501468019925192704/build-log.txt	10518	10523
https://storage.googleapis.com/kubernetes-jenkins/pr-logs/pull/99488/pull-kubernetes-node-e2e-containerd/1501468020122324992/build-log.txt	8930	9262
https://storage.googleapis.com/kubernetes-jenkins/pr-logs/pull/batch/pull-kubernetes-e2e-kind/1499487162079383552/build-log.txt	77203	77355
https://storage.googleapis.com/kubernetes-jenkins/pr-logs/pull/batch/pull-kubernetes-typecheck/1521979561653309440/build-log.txt	175	206
https://storage.googleapis.com/kubernetes-jenkins/pr-logs/pull/batch/pull-kubernetes-verify-govet-levee/1521977045473562624/build-log.txt	40	44
https://storage.googleapis.com/kubernetes-jenkins/pr-logs/pull/cloud-provider-alibaba-cloud/281/pull-cloud-provider-alibaba-cloud-check/1499682300902772736/build-log.txt	2	71
https://storage.googleapis.com/kubernetes-jenkins/pr-logs/pull/cloud-provider-alibaba-cloud/281/pull-cloud-provider-alibaba-cloud-check/1499703534776487936/build-log.txt	2	71
https://storage.googleapis.com/kubernetes-jenkins/pr-logs/pull/cloud-provider-alibaba-cloud/281/pull-cloud-provider-alibaba-cloud-unit-test/1499682300953104384/build-log.txt	48	48
https://storage.googleapis.com/kubernetes-jenkins/pr-logs/pull/cloud-provider-gcp/328/cloud-provider-gcp-verify-all/1516846346861023232/build-log.txt	243	258
https://storage.googleapis.com/kubernetes-jenkins/pr-logs/pull/cloud-provider-openstack/1717/openstack-cloud-controller-manager-e2e-conformance-test/1501531474153705472/build-log.txt	18	18
https://storage.googleapis.com/kubernetes-jenkins/pr-logs/pull/cloud-provider-openstack/1803/openstack-cloud-controller-manager-e2e-conformance-test/1501727553046450176/build-log.txt	3333	3334
https://storage.googleapis.com/kubernetes-jenkins/pr-logs/pull/cloud-provider-openstack/1809/openstack-cloud-controller-manager-e2e-conformance-test/1501473672467058688/build-log.txt	18	18
https://storage.googleapis.com/kubernetes-jenkins/pr-logs/pull/cloud-provider-openstack/1809/openstack-cloud-controller-manager-e2e-conformance-test/1501474969912086528/build-log.txt	18	18
https://storage.googleapis.com/kubernetes-jenkins/pr-logs/pull/cloud-provider-vsphere/598/pull-cloud-provider-vsphere-integration-test/1501718847206461440/build-log.txt	92	103
https://storage.googleapis.com/kubernetes-jenkins/pr-logs/pull/cloud-provider-vsphere/598/pull-cloud-provider-vsphere-unit-test/1501718865497821184/build-log.txt	92	103
https://storage.googleapis.com/kubernetes-jenkins/pr-logs/pull/community/6411/pull-community-verify/1500901018982944768/build-log.txt	9	11
https://storage.googleapis.com/kubernetes-jenkins/pr-logs/pull/community/6411/pull-community-verify/1501542375531483136/build-log.txt	9	12
https://storage.googleapis.com/kubernetes-jenkins/pr-logs/pull/enhancements/3238/pull-enhancements-verify/1501980259338162176/build-log.txt	711	711
https://storage.googleapis.com/kubernetes-jenkins/pr-logs/pull/enhancements/3279/pull-enhancements-verify/1516821802985197568/build-log.txt	715	747
https://storage.googleapis.com/kubernetes-jenkins/pr-logs/pull/google_cadvisor/2974/pull-cadvisor-e2e/1501538365059633152/build-log.txt	404	409
https://storage.googleapis.com/kubernetes-jenkins/pr-logs/pull/k8s.io/3407/pull-k8sio-verify/1501716333920784384/build-log.txt	2	4
https://storage.googleapis.com/kubernetes-jenkins/pr-logs/pull/k8s.io/3456/pull-k8sio-verify/1501707804971372544/build-log.txt	236	271
https://storage.googleapis.com/kubernetes-jenkins/pr-logs/pull/kops/13109/pull-kops-e2e-kubernetes-aws/1499758244501917696/build-log.txt	1246	1250
https://storage.googleapis.com/kubernetes-jenkins/pr-logs/pull/kops/13289/pull-kops-bazel-build/1500354605853184000/build-log.txt	59	60
https://storage.googleapis.com/kubernetes-jenkins/pr-logs/pull/kops/13289/pull-kops-verify-govet/1500353674776416256/build-log.txt	7	9
https://storage.googleapis.com/kubernetes-jenkins/pr-logs/pull/kops/13310/pull-kops-e2e-kubernetes-aws/1499750227295342592/build-log.txt	1253	1258
https://storage.googleapis.com/kubernetes-jenkins/pr-logs/pull/kops/13310/pull-kops-e2e-kubernetes-aws/1499773413684678656/build-log.txt	542	544
https://storage.googleapis.com/kubernetes-jenkins/pr-logs/pull/kops/13328/pull-kops-e2e-kubernetes-aws/1499748756969492480/build-log.txt	1278	1283
https://storage.googleapis.com/kubernetes-jenkins/pr-logs/pull/kops/13328/pull-kops-e2e-kubernetes-aws/1499758477524865024/build-log.txt	529	530
https://storage.googleapis.com/kubernetes-jenkins/pr-logs/pull/kops/13329/pull-kops-e2e-kubernetes-aws-1-23/1499694319202734080/build-log.txt	1263	1268
https://storage.googleapis.com/kubernetes-jenkins/pr-logs/pull/kops/13330/pull-kops-e2e-kubernetes-aws/1499727570478829568/build-log.txt	1276	1281
https://storage.googleapis.com/kubernetes-jenkins/pr-logs/pull/kops/13330/pull-kops-e2e-kubernetes-aws/1502172467110612992/build-log.txt	1120	1277
https://storage.googleapis.com/kubernetes-jenkins/pr-logs/pull/kops/13339/pull-kops-verify-hashes/1500392176490647552/build-log.txt	223	243
https://storage.googleapis.com/kubernetes-jenkins/pr-logs/pull/kops/13341/pull-kops-bazel-build/1500415976947060736/build-log.txt	73	73
https://storage.googleapis.com/kubernetes-jenkins/pr-logs/pull/kops/13341/pull-kops-e2e-cni-flannel/1500414648292216832/build-log.txt	199	199
https://storage.googleapis.com/kubernetes-jenkins/pr-logs/pull/kops/13356/pull-kops-bazel-test/1502157247365517312/build-log.txt	101	155
https://storage.googleapis.com/kubernetes-jenkins/pr-logs/pull/kops/13535/pull-kops-bazel-build/1516863376079196160/build-log.txt	57	60
https://storage.googleapis.com/kubernetes-jenkins/pr-logs/pull/kops/13535/pull-kops-bazel-test/1516863376108556288/build-log.txt	65	67
https://storage.googleapis.com/kubernetes-jenkins/pr-logs/pull/kubernetes-csi_external-provisioner/585/pull-kubernetes-csi-external-provisioner-distributed-on-kubernetes-1-23/1500847327764549632/build-log.txt	101	102
https://storage.googleapis.com/kubernetes-jenkins/pr-logs/pull/kubernetes-sigs_apiserver-network-proxy/342/pull-apiserver-network-proxy-make-lint/1501649009498918912/build-log.txt	30	35
https://storage.googleapis.com/kubernetes-jenkins/pr-logs/pull/kubernetes-sigs_aws-iam-authenticator/437/pull-aws-iam-authenticator-integration/1499483621235363840/build-log.txt	23	29
https://storage.googleapis.com/kubernetes-jenkins/pr-logs/pull/kubernetes-sigs_aws-iam-authenticator/437/pull-aws-iam-authenticator-unit/1499483621193420800/build-log.txt	6	12
https://storage.googleapis.com/kubernetes-jenkins/pr-logs/pull/kubernetes-sigs_aws-load-balancer-controller/2659/pull-aws-load-balancer-controller-e2e-test/1529209000111902720/build-log.txt	2735	2737
https://storage.googleapis.com/kubernetes-jenkins/pr-logs/pull/kubernetes-sigs_aws-load-balancer-controller/2659/pull-aws-load-balancer-controller-e2e-test/1529209000111902720/build-log.txt	388	388
https://storage.googleapis.com/kubernetes-jenkins/pr-logs/pull/kubernetes-sigs_azuredisk-csi-driver/1114/pull-azuredisk-csi-driver-external-e2e-single-az/1499940368949448704/build-log.txt	4709	4749
https://storage.googleapis.com/kubernetes-jenkins/pr-logs/pull/kubernetes-sigs_azuredisk-csi-driver/1171/pull-kubernetes-e2e-capz-azure-disk/1500839041216548864/build-log.txt	4582	4597
https://storage.googleapis.com/kubernetes-jenkins/pr-logs/pull/kubernetes-sigs_azuredisk-csi-driver/1201/pull-azuredisk-csi-driver-e2e-single-az/1500907002279235584/build-log.txt	10906	10941
https://storage.googleapis.com/kubernetes-jenkins/pr-logs/pull/kubernetes-sigs_azuredisk-csi-driver/1201/pull-azuredisk-csi-driver-verify/1502108266476343296/build-log.txt	3574	3608
https://storage.googleapis.com/kubernetes-jenkins/pr-logs/pull/kubernetes-sigs_azuredisk-csi-driver/1204/pull-kubernetes-e2e-capz-azure-disk-windows/1499679764779110400/build-log.txt	5599	5625
https://storage.googleapis.com/kubernetes-jenkins/pr-logs/pull/kubernetes-sigs_azuredisk-csi-driver/1204/pull-kubernetes-e2e-capz-azure-disk-windows/1499929043368153088/build-log.txt	4085	4086
https://storage.googleapis.com/kubernetes-jenkins/pr-logs/pull/kubernetes-sigs_azuredisk-csi-driver/1209/pull-azuredisk-csi-driver-e2e-migration-windows/1501519849430454272/build-log.txt	72	72
https://storage.googleapis.com/kubernetes-jenkins/pr-logs/pull/kubernetes-sigs_azuredisk-csi-driver/1209/pull-azuredisk-csi-driver-e2e-single-az/1501519849279459328/build-log.txt	4096	4111
https://storage.googleapis.com/kubernetes-jenkins/pr-logs/pull/kubernetes-sigs_azuredisk-csi-driver/1214/pull-azuredisk-csi-driver-e2e-migration-windows/1502112595446861824/build-log.txt	2839	2843
https://storage.googleapis.com/kubernetes-jenkins/pr-logs/pull/kubernetes-sigs_azuredisk-csi-driver/1215/pull-azuredisk-csi-driver-e2e-migration-windows/1502155498143617024/build-log.txt	3158	3173
https://storage.googleapis.com/kubernetes-jenkins/pr-logs/pull/kubernetes-sigs_azuredisk-csi-driver/1215/pull-azuredisk-csi-driver-sanity/1502155497925513216/build-log.txt	1800	1810
https://storage.googleapis.com/kubernetes-jenkins/pr-logs/pull/kubernetes-sigs_azurefile-csi-driver/932/pull-kubernetes-e2e-capz-azure-file-windows/1500845091340685312/build-log.txt	4520	4533
https://storage.googleapis.com/kubernetes-jenkins/pr-logs/pull/kubernetes-sigs_cli-utils/565/cli-utils-presubmit-master/1500925169093316608/build-log.txt	283	333
https://storage.googleapis.com/kubernetes-jenkins/pr-logs/pull/kubernetes-sigs_cli-utils/565/cli-utils-presubmit-master/1502092437772832768/build-log.txt	94	102
https://storage.googleapis.com/kubernetes-jenkins/pr-logs/pull/kubernetes-sigs_cli-utils/572/cli-utils-presubmit-master/1516844997620535296/build-log.txt	81	83
https://storage.googleapis.com/kubernetes-jenkins/pr-logs/pull/kubernetes-sigs_cli-utils/572/cli-utils-presubmit-master/1516850524991787008/build-log.txt	81	83
https://storage.googleapis.com/kubernetes-jenkins/pr-logs/pull/kubernetes-sigs_cli-utils/580/cli-utils-presubmit-master-e2e/1516855818241183744/build-log.txt	956	1704
https://storage.googleapis.com/kubernetes-jenkins/pr-logs/pull/kubernetes-sigs_cli-utils/581/cli-utils-presubmit-master-e2e/1516862336072159232/build-log.txt	958	1710
https://storage.googleapis.com/kubernetes-jenkins/pr-logs/pull/kubernetes-sigs_cloud-provider-azure/1235/pull-cloud-provider-azure-e2e-ccm-capz/1501482315283435520/build-log.txt	5165	5176
https://storage.googleapis.com/kubernetes-jenkins/pr-logs/pull/kubernetes-sigs_cloud-provider-azure/1244/pull-cloud-provider-azure-e2e-ccm-vmss-basic-lb-1-20/1502129644663476224/build-log.txt	1785	1813
https://storage.googleapis.com/kubernetes-jenkins/pr-logs/pull/kubernetes-sigs_cloud-provider-azure/1245/pull-cloud-provider-azure-e2e-ccm-1-21/1502158879788634112/build-log.txt	1323	1336
https://storage.googleapis.com/kubernetes-jenkins/pr-logs/pull/kubernetes-sigs_cloud-provider-azure/1292/pull-cloud-provider-azure-e2e-ccm-vmss-1-21/1505596182037008384/build-log.txt	2386	2397
https://storage.googleapis.com/kubernetes-jenkins/pr-logs/pull/kubernetes-sigs_cluster-api/6178/pull-cluster-api-e2e-full-main/1499774897402941440/build-log.txt	1112	1180
https://storage.googleapis.com/kubernetes-jenkins/pr-logs/pull/kubernetes-sigs_cluster-api/6178/pull-cluster-api-e2e-main/1499702675590090752/build-log.txt	936	984
https://storage.googleapis.com/kubernetes-jenkins/pr-logs/pull/kubernetes-sigs_cluster-api/6183/pull-cluster-api-e2e-full-main/1500855121049817088/build-log.txt	2041	2085
https://storage.googleapis.com/kubernetes-jenkins/pr-logs/pull/kubernetes-sigs_cluster-api/6183/pull-cluster-api-e2e-full-main/1500872741664854016/build-log.txt	1770	1814
https://storage.googleapis.com/kubernetes-jenkins/pr-logs/pull/kubernetes-sigs_cluster-api/6252/pull-cluster-api-build-main/1500879370003156992/build-log.txt	113	116
https://storage.googleapis.com/kubernetes-jenkins/pr-logs/pull/kubernetes-sigs_cluster-api/6252/pull-cluster-api-build-main/1500880880082620416/build-log.txt	113	116
https://storage.googleapis.com/kubernetes-jenkins/pr-logs/pull/kubernetes-sigs_cluster-api/6252/pull-cluster-api-e2e-informing-ipv6-main/1500880880330084352/build-log.txt	185	188
https://storage.googleapis.com/kubernetes-jenkins/pr-logs/pull/kubernetes-sigs_cluster-api/6252/pull-cluster-api-e2e-main/1500879376542076928/build-log.txt	183	185
https://storage.googleapis.com/kubernetes-jenkins/pr-logs/pull/kubernetes-sigs_cluster-api/6252/pull-cluster-api-test-main/1500879370976235520/build-log.txt	176	178
https://storage.googleapis.com/kubernetes-jenkins/pr-logs/pull/kubernetes-sigs_cluster-api/6252/pull-cluster-api-test-main/1500880880183283712/build-log.txt	176	178
https://storage.googleapis.com/kubernetes-jenkins/pr-logs/pull/kubernetes-sigs_cluster-api/6252/pull-cluster-api-test-mink8s-main/1500879373178245120/build-log.txt	176	178
https://storage.googleapis.com/kubernetes-jenkins/pr-logs/pull/kubernetes-sigs_cluster-api/6252/pull-cluster-api-verify-main/1500880880153923584/build-log.txt	433	441
https://storage.googleapis.com/kubernetes-jenkins/pr-logs/pull/kubernetes-sigs_cluster-api/6254/pull-cluster-api-verify-main/1500937767230640128/build-log.txt	23	26
https://storage.googleapis.com/kubernetes-jenkins/pr-logs/pull/kubernetes-sigs_cluster-api/6259/pull-cluster-api-e2e-main/1499681369737924608/build-log.txt	933	981
https://storage.googleapis.com/kubernetes-jenkins/pr-logs/pull/kubernetes-sigs_cluster-api/6259/pull-cluster-api-e2e-main/1499694291688099840/build-log.txt	928	976
https://storage.googleapis.com/kubernetes-jenkins/pr-logs/pull/kubernetes-sigs_cluster-api/6259/pull-cluster-api-test-mink8s-main/1499681369695981568/build-log.txt	7349	7349
https://storage.googleapis.com/kubernetes-jenkins/pr-logs/pull/kubernetes-sigs_cluster-api/6289/pull-cluster-api-test-mink8s-main/1501986378961915904/build-log.txt	10992	11015
https://storage.googleapis.com/kubernetes-jenkins/pr-logs/pull/kubernetes-sigs_cluster-api-provider-aws/3267/pull-cluster-api-provider-aws-e2e/1502087214266322944/build-log.txt	1009	1055
https://storage.googleapis.com/kubernetes-jenkins/pr-logs/pull/kubernetes-sigs_cluster-api-provider-aws/3267/pull-cluster-api-provider-aws-test/1502085395460919296/build-log.txt	183	183
https://storage.googleapis.com/kubernetes-jenkins/pr-logs/pull/kubernetes-sigs_cluster-api-provider-aws/3294/pull-cluster-api-provider-aws-e2e/1501498802538811392/build-log.txt	2147	2197
https://storage.googleapis.com/kubernetes-jenkins/pr-logs/pull/kubernetes-sigs_cluster-api-provider-aws/3294/pull-cluster-api-provider-aws-e2e-eks/1501498802597531648/build-log.txt	647	694
https://storage.googleapis.com/kubernetes-jenkins/pr-logs/pull/kubernetes-sigs_cluster-api-provider-azure/1729/pull-cluster-api-provider-azure-e2e-optional/1500897140388401152/build-log.txt	499	565
https://storage.googleapis.com/kubernetes-jenkins/pr-logs/pull/kubernetes-sigs_cluster-api-provider-azure/1873/pull-cluster-api-provider-azure-apidiff/1501639226666520576/build-log.txt	32	84
https://storage.googleapis.com/kubernetes-jenkins/pr-logs/pull/kubernetes-sigs_cluster-api-provider-azure/1873/pull-cluster-api-provider-azure-e2e/1501639226591023104/build-log.txt	571	624
https://storage.googleapis.com/kubernetes-jenkins/pr-logs/pull/kubernetes-sigs_cluster-api-provider-azure/1873/pull-cluster-api-provider-azure-e2e-windows-dockershim/1501639226632966144/build-log.txt	585	638
https://storage.googleapis.com/kubernetes-jenkins/pr-logs/pull/kubernetes-sigs_cluster-api-provider-azure/2007/pull-cluster-api-provider-azure-apidiff/1500944580239953920/build-log.txt	27	92
https://storage.googleapis.com/kubernetes-jenkins/pr-logs/pull/kubernetes-sigs_cluster-api-provider-azure/2007/pull-cluster-api-provider-azure-apidiff/1500946317327732736/build-log.txt	27	92
https://storage.googleapis.com/kubernetes-jenkins/pr-logs/pull/kubernetes-sigs_cluster-api-provider-azure/2095/pull-cluster-api-provider-azure-e2e/1499684813286674432/build-log.txt	783	837
https://storage.googleapis.com/kubernetes-jenkins/pr-logs/pull/kubernetes-sigs_cluster-api-provider-azure/2095/pull-cluster-api-provider-azure-verify/1499684813404114944/build-log.txt	331	1017
https://storage.googleapis.com/kubernetes-jenkins/pr-logs/pull/kubernetes-sigs_cluster-api-provider-azure/2123/pull-cluster-api-provider-azure-e2e-exp/1500883856125857792/build-log.txt	147	150
https://storage.googleapis.com/kubernetes-jenkins/pr-logs/pull/kubernetes-sigs_cluster-api-provider-azure/2136/pull-cluster-api-provider-azure-verify/1501731831983116288/build-log.txt	367	368
https://storage.googleapis.com/kubernetes-jenkins/pr-logs/pull/kubernetes-sigs_cluster-api-provider-azure/2146/pull-cluster-api-provider-azure-apidiff/1501640728936189952/build-log.txt	72	158
https://storage.googleapis.com/kubernetes-jenkins/pr-logs/pull/kubernetes-sigs_cluster-api-provider-azure/2148/pull-cluster-api-provider-azure-e2e/1499706211082178560/build-log.txt	1258	1310
https://storage.googleapis.com/kubernetes-jenkins/pr-logs/pull/kubernetes-sigs_cluster-api-provider-azure/2148/pull-cluster-api-provider-azure-verify/1499706211203813376/build-log.txt	331	1017
https://storage.googleapis.com/kubernetes-jenkins/pr-logs/pull/kubernetes-sigs_cluster-api-provider-azure/2149/pull-cluster-api-provider-azure-e2e-exp/1500895001238835200/build-log.txt	516	568
https://storage.googleapis.com/kubernetes-jenkins/pr-logs/pull/kubernetes-sigs_cluster-api-provider-azure/2177/pull-cluster-api-provider-azure-apidiff/1516902953942781952/build-log.txt	27	122
https://storage.googleapis.com/kubernetes-jenkins/pr-logs/pull/kubernetes-sigs_cluster-api-provider-azure/2181/pull-cluster-api-provider-azure-ci-entrypoint/1504959922683514880/build-log.txt	391	392
https://storage.googleapis.com/kubernetes-jenkins/pr-logs/pull/kubernetes-sigs_cluster-api-provider-azure/2183/pull-cluster-api-provider-azure-verify/1505264638080585728/build-log.txt	355	369
https://storage.googleapis.com/kubernetes-jenkins/pr-logs/pull/kubernetes-sigs_cluster-api-provider-azure/2239/pull-cluster-api-provider-azure-e2e-optional/1516862164193775616/build-log.txt	744	798
https://storage.googleapis.com/kubernetes-jenkins/pr-logs/pull/kubernetes-sigs_cluster-api-provider-azure/2243/pull-cluster-api-provider-azure-verify-v1beta1/1516816577192792064/build-log.txt	331	1018
https://storage.googleapis.com/kubernetes-jenkins/pr-logs/pull/kubernetes-sigs_cluster-api-provider-azure/2245/pull-cluster-api-provider-azure-verify-v1beta1/1516843496340721664/build-log.txt	339	8053
https://storage.googleapis.com/kubernetes-jenkins/pr-logs/pull/kubernetes-sigs_cluster-api-provider-azure/2248/pull-cluster-api-provider-azure-e2e/1516849194768273408/build-log.txt	570	623
https://storage.googleapis.com/kubernetes-jenkins/pr-logs/pull/kubernetes-sigs_cluster-api-provider-azure/2249/pull-cluster-api-provider-azure-ci-entrypoint-v1beta1/1516863855525892096/build-log.txt	821	827
https://storage.googleapis.com/kubernetes-jenkins/pr-logs/pull/kubernetes-sigs_cluster-api-provider-azure/2249/pull-cluster-api-provider-azure-e2e-v1beta1/1516863855286816768/build-log.txt	938	997
https://storage.googleapis.com/kubernetes-jenkins/pr-logs/pull/kubernetes-sigs_cluster-api-provider-azure/2249/pull-cluster-api-provider-azure-verify-v1beta1/1516863855425228800/build-log.txt	331	1018
https://storage.googleapis.com/kubernetes-jenkins/pr-logs/pull/kubernetes-sigs_cluster-api-provider-azure/2302/pull-cluster-api-provider-azure-apidiff/1529233715006279680/build-log.txt	28	30
https://storage.googleapis.com/kubernetes-jenkins/pr-logs/pull/kubernetes-sigs_cluster-api-provider-gcp/533/pull-cluster-api-provider-gcp-verify/1500523697478307840/build-log.txt	61	64
https://storage.googleapis.com/kubernetes-jenkins/pr-logs/pull/kubernetes-sigs_cluster-api-provider-gcp/539/pull-cluster-api-provider-gcp-apidiff/1500523938151665664/build-log.txt	61	63
https://storage.googleapis.com/kubernetes-jenkins/pr-logs/pull/kubernetes-sigs_cluster-api-provider-gcp/539/pull-cluster-api-provider-gcp-make/1500889362416537600/build-log.txt	62	64
https://storage.googleapis.com/kubernetes-jenkins/pr-logs/pull/kubernetes-sigs_cluster-api-provider-gcp/539/pull-cluster-api-provider-gcp-verify/1500889362454286336/build-log.txt	62	63
https://storage.googleapis.com/kubernetes-jenkins/pr-logs/pull/kubernetes-sigs_cluster-api-provider-gcp/547/pull-cluster-api-provider-gcp-apidiff/1499779274087862272/build-log.txt	5	5
https://storage.googleapis.com/kubernetes-jenkins/pr-logs/pull/kubernetes-sigs_cluster-api-provider-gcp/549/pull-cluster-api-provider-gcp-make-conformance-release-release-0-4/1501494128624537600/build-log.txt	2364	2409
https://storage.googleapis.com/kubernetes-jenkins/pr-logs/pull/kubernetes-sigs_cluster-api-provider-openstack/1161/pull-cluster-api-provider-openstack-test/1499670740323012608/build-log.txt	535	555
https://storage.googleapis.com/kubernetes-jenkins/pr-logs/pull/kubernetes-sigs_cluster-api-provider-openstack/1162/pull-cluster-api-provider-openstack-test/1500871274606366720/build-log.txt	221	223
https://storage.googleapis.com/kubernetes-jenkins/pr-logs/pull/kubernetes-sigs_cluster-api-provider-openstack/1164/pull-cluster-api-provider-openstack-e2e-test/1500907984312602624/build-log.txt	1578	1644
https://storage.googleapis.com/kubernetes-jenkins/pr-logs/pull/kubernetes-sigs_cluster-api-provider-openstack/1169/pull-cluster-api-provider-openstack-e2e-test/1501477514122366976/build-log.txt	1600	1666
https://storage.googleapis.com/kubernetes-jenkins/pr-logs/pull/kubernetes-sigs_cluster-api-provider-vsphere/1470/pull-cluster-api-provider-vsphere-verify-markdown/1501982253922652160/build-log.txt	1	6
https://storage.googleapis.com/kubernetes-jenkins/pr-logs/pull/kubernetes-sigs_cluster-api-provider-vsphere/1505/pull-cluster-api-provider-vsphere-test/1510957909826080768/build-log.txt	922	922
https://storage.googleapis.com/kubernetes-jenkins/pr-logs/pull/kubernetes-sigs_controller-runtime/1767/pull-controller-runtime-apidiff-master/1499479476885524480/build-log.txt	142	143
https://storage.googleapis.com/kubernetes-jenkins/pr-logs/pull/kubernetes-sigs_controller-runtime/1767/pull-controller-runtime-test-master/1499480807272615936/build-log.txt	225	235
https://storage.googleapis.com/kubernetes-jenkins/pr-logs/pull/kubernetes-sigs_controller-runtime/1767/pull-controller-runtime-test-master/1499713726121512960/build-log.txt	213	256
https://storage.googleapis.com/kubernetes-jenkins/pr-logs/pull/kubernetes-sigs_controller-runtime/1767/pull-controller-runtime-test-master/1499725567585423360/build-log.txt	213	256
https://storage.googleapis.com/kubernetes-jenkins/pr-logs/pull/kubernetes-sigs_controller-runtime/1827/pull-controller-runtime-apidiff-master/1499767019732471808/build-log.txt	28	31
https://storage.googleapis.com/kubernetes-jenkins/pr-logs/pull/kubernetes-sigs_controller-runtime/1827/pull-controller-runtime-apidiff-master/1499768279260991488/build-log.txt	28	31
https://storage.googleapis.com/kubernetes-jenkins/pr-logs/pull/kubernetes-sigs_controller-runtime/1827/pull-controller-runtime-test-master/1499763985413574656/build-log.txt	89	181
https://storage.googleapis.com/kubernetes-jenkins/pr-logs/pull/kubernetes-sigs_controller-runtime/1827/pull-controller-runtime-test-master/1499768279227437056/build-log.txt	213	256
https://storage.googleapis.com/kubernetes-jenkins/pr-logs/pull/kubernetes-sigs_controller-runtime/1827/pull-controller-runtime-test-master/1499770178206961664/build-log.txt	213	256
https://storage.googleapis.com/kubernetes-jenkins/pr-logs/pull/kubernetes-sigs_controller-runtime/1833/pull-controller-runtime-test-master/1500931465578287104/build-log.txt	191	218
https://storage.googleapis.com/kubernetes-jenkins/pr-logs/pull/kubernetes-sigs_descheduler/732/pull-descheduler-helm-test/1500863300945055744/build-log.txt	282	283
https://storage.googleapis.com/kubernetes-jenkins/pr-logs/pull/kubernetes-sigs_ibm-powervs-block-csi-driver/129/pull-ibm-powervs-block-csi-driver-image-build/1497097897068466176/build-log.txt	536	536
https://storage.googleapis.com/kubernetes-jenkins/pr-logs/pull/kubernetes-sigs_image-builder/817/pull-azure-sigs/1499776250644795392/build-log.txt	579	581
https://storage.googleapis.com/kubernetes-jenkins/pr-logs/pull/kubernetes-sigs_kind/2650/pull-kind-conformance-parallel-ipv6/1500447321190567936/build-log.txt	9163	9360
https://storage.googleapis.com/kubernetes-jenkins/pr-logs/pull/kubernetes-sigs_kind/2650/pull-kind-conformance-parallel-ipv6/1500462272726700032/build-log.txt	6530	6548
https://storage.googleapis.com/kubernetes-jenkins/pr-logs/pull/kubernetes-sigs_kind/2655/pull-kind-build/1500481411407155200/build-log.txt	1475	1475
https://storage.googleapis.com/kubernetes-jenkins/pr-logs/pull/kubernetes-sigs_kind/2655/pull-kind-conformance-parallel-ipv6/1500398083551268864/build-log.txt	2083	2101
https://storage.googleapis.com/kubernetes-jenkins/pr-logs/pull/kubernetes-sigs_kind/2655/pull-kind-e2e-kubernetes-1-21/1500456378102190080/build-log.txt	23332	23361
https://storage.googleapis.com/kubernetes-jenkins/pr-logs/pull/kubernetes-sigs_kind/2658/pull-kind-build/1500205707188768768/build-log.txt	74	77
https://storage.googleapis.com/kubernetes-jenkins/pr-logs/pull/kubernetes-sigs_kind/2660/pull-kind-build/1500540201171161088/build-log.txt	1479	1479
https://storage.googleapis.com/kubernetes-jenkins/pr-logs/pull/kubernetes-sigs_kind/2719/pull-kind-conformance-parallel-ga-only/1516815715343011840/build-log.txt	320	332
https://storage.googleapis.com/kubernetes-jenkins/pr-logs/pull/kubernetes-sigs_kind/2719/pull-kind-verify/1516815715271708672/build-log.txt	189	197
https://storage.googleapis.com/kubernetes-jenkins/pr-logs/pull/kubernetes-sigs_kubebuilder/2552/pull-kubebuilder-e2e-k8s-1-23-3/1505263291306348544/build-log.txt	66	81
https://storage.googleapis.com/kubernetes-jenkins/pr-logs/pull/kubernetes-sigs_kubebuilder/2552/pull-kubebuilder-test/1505268743956074496/build-log.txt	62	63
https://storage.googleapis.com/kubernetes-jenkins/pr-logs/pull/kubernetes-sigs_kube-scheduler-simulator/121/pull-kube-scheduler-simulator-backend-lint/1500223766012104704/build-log.txt	5777	5793
https://storage.googleapis.com/kubernetes-jenkins/pr-logs/pull/kubernetes-sigs_kube-scheduler-simulator/121/pull-kube-scheduler-simulator-backend-lint/1500228670730539008/build-log.txt	5781	5783
https://storage.googleapis.com/kubernetes-jenkins/pr-logs/pull/kubernetes-sigs_kube-scheduler-simulator/121/pull-kube-scheduler-simulator-backend-unit-test/1500223766079213568/build-log.txt	5785	5794
https://storage.googleapis.com/kubernetes-jenkins/pr-logs/pull/kubernetes-sigs_kube-scheduler-simulator/121/pull-kube-scheduler-simulator-backend-unit-test/1500228670806036480/build-log.txt	5784	5790
https://storage.googleapis.com/kubernetes-jenkins/pr-logs/pull/kubernetes-sigs_kube-scheduler-simulator/121/pull-kube-scheduler-simulator-backend-unit-test/1500410488641556480/build-log.txt	5791	5800
https://storage.googleapis.com/kubernetes-jenkins/pr-logs/pull/kubernetes-sigs_kueue/104/pull-kueue-test-integration-main/1501715976574472192/build-log.txt	126	130
https://storage.googleapis.com/kubernetes-jenkins/pr-logs/pull/kubernetes-sigs_kueue/90/pull-kueue-verify-main/1500916755709562880/build-log.txt	442	466
https://storage.googleapis.com/kubernetes-jenkins/pr-logs/pull/kubernetes-sigs_kueue/93/pull-kueue-test-unit-main/1499496533626720256/build-log.txt	84	136
https://storage.googleapis.com/kubernetes-jenkins/pr-logs/pull/kubernetes-sigs_kueue/93/pull-kueue-verify-main/1499493788958068736/build-log.txt	377	387
https://storage.googleapis.com/kubernetes-jenkins/pr-logs/pull/kubernetes-sigs_kueue/95/pull-kueue-test-integration-main/1500866365622325248/build-log.txt	124	135
https://storage.googleapis.com/kubernetes-jenkins/pr-logs/pull/kubernetes-sigs_kueue/98/pull-kueue-test-integration-main/1501003979406970880/build-log.txt	111	125
https://storage.googleapis.com/kubernetes-jenkins/pr-logs/pull/kubernetes-sigs_kustomize/4508/kustomize-presubmit-master/1500938724676997120/build-log.txt	2364	2365
https://storage.googleapis.com/kubernetes-jenkins/pr-logs/pull/kubernetes-sigs_metrics-server/981/pull-metrics-server-test-e2e-ha/1502085552978006016/build-log.txt	271	283
https://storage.googleapis.com/kubernetes-jenkins/pr-logs/pull/kubernetes-sigs_release-sdk/58/pull-release-sdk-test/1516898835467603968/build-log.txt	228	229
https://storage.googleapis.com/kubernetes-jenkins/pr-logs/pull/kubernetes-sigs_release-sdk/58/pull-release-sdk-verify/1516898835538907136/build-log.txt	446	449
https://storage.googleapis.com/kubernetes-jenkins/pr-logs/pull/kubernetes-sigs_secrets-store-csi-driver/892/pull-secrets-store-csi-driver-e2e-aws/1500932266459664384/build-log.txt	716	756
https://storage.googleapis.com/kubernetes-jenkins/pr-logs/pull/kubernetes-sigs_security-profiles-operator/849/pull-security-profiles-operator-verify/1505662550568603648/build-log.txt	107	109
https://storage.googleapis.com/kubernetes-jenkins/pr-logs/pull/kubernetes-sigs_security-profiles-operator/899/pull-security-profiles-operator-test-e2e/1516877541212688384/build-log.txt	6262	6277
https://storage.googleapis.com/kubernetes-jenkins/pr-logs/pull/kubernetes-sigs_vsphere-csi-driver/1573/pull-vsphere-csi-driver-verify-golangci-lint/1501474611886297088/build-log.txt	97	98
https://storage.googleapis.com/kubernetes-jenkins/pr-logs/pull/kubernetes-sigs_vsphere-csi-driver/1623/pull-vsphere-csi-driver-verify-golangci-lint/1500940407280766976/build-log.txt	97	98
https://storage.googleapis.com/kubernetes-jenkins/pr-logs/pull/kubernetes-sigs_vsphere-csi-driver/1625/pull-vsphere-csi-driver-verify-golangci-lint/1499992270747734016/build-log.txt	97	98
https://storage.googleapis.com/kubernetes-jenkins/pr-logs/pull/kubernetes-sigs_vsphere-csi-driver/1625/pull-vsphere-csi-driver-verify-golangci-lint/1499996585461813248/build-log.txt	97	98
https://storage.googleapis.com/kubernetes-jenkins/pr-logs/pull/kubernetes-sigs_vsphere-csi-driver/1625/pull-vsphere-csi-driver-verify-staticcheck/1501985126790205440/build-log.txt	138	138
https://storage.googleapis.com/kubernetes-jenkins/pr-logs/pull/kubernetes-sigs_vsphere-csi-driver/1627/pull-vsphere-csi-driver-unit-test/1499993477620961280/build-log.txt	298	319
https://storage.googleapis.com/kubernetes-jenkins/pr-logs/pull/minikube/13307/pull-minikube-build/1505281330793943040/build-log.txt	152	154
https://storage.googleapis.com/kubernetes-jenkins/pr-logs/pull/perf-tests/1988/pull-perf-tests-verify-lint/1499713057377488896/build-log.txt	44	50
https://storage.googleapis.com/kubernetes-jenkins/pr-logs/pull/release/2313/pull-release-verify/1516826728662568960/build-log.txt	1932	1935
https://storage.googleapis.com/kubernetes-jenkins/pr-logs/pull/release/2451/pull-release-image-go-runner/1499679760509308928/build-log.txt	2687	2717
https://storage.googleapis.com/kubernetes-jenkins/pr-logs/pull/release/2451/pull-release-image-go-runner/1499681776790933504/build-log.txt	2405	2653
https://storage.googleapis.com/kubernetes-jenkins/pr-logs/pull/release/2451/pull-release-image-go-runner/1499684488932757504/build-log.txt	2658	2659
https://storage.googleapis.com/kubernetes-jenkins/pr-logs/pull/release/2451/pull-release-image-go-runner/1499734121969094656/build-log.txt	2701	2703
https://storage.googleapis.com/kubernetes-jenkins/pr-logs/pull/release/2451/pull-release-image-go-runner/1499738510523895808/build-log.txt	2555	2894
https://storage.googleapis.com/kubernetes-jenkins/pr-logs/pull/release/2451/pull-release-image-go-runner/1499749942535655424/build-log.txt	2646	2801
https://storage.googleapis.com/kubernetes-jenkins/pr-logs/pull/release/2451/pull-release-image-kube-cross/1499679760475754496/build-log.txt	15043	15043
https://storage.googleapis.com/kubernetes-jenkins/pr-logs/pull/sigs.k8s.io_gcp-compute-persistent-disk-csi-driver/964/pull-gcp-compute-persistent-disk-csi-driver-e2e/1516794051897069568/build-log.txt	172	178
https://storage.googleapis.com/kubernetes-jenkins/pr-logs/pull/sigs.k8s.io_gcp-filestore-csi-driver/229/pull-gcp-filestore-csi-driver-e2e/1499965322545860608/build-log.txt	103	119
https://storage.googleapis.com/kubernetes-jenkins/pr-logs/pull/sigs.k8s.io_gcp-filestore-csi-driver/229/pull-gcp-filestore-csi-driver-e2e/1501720462491652096/build-log.txt	108	119
https://storage.googleapis.com/kubernetes-jenkins/pr-logs/pull/sigs.k8s.io_gcp-filestore-csi-driver/237/pull-gcp-filestore-csi-driver-e2e/1502128408132325376/build-log.txt	97	304
https://storage.googleapis.com/kubernetes-jenkins/pr-logs/pull/sigs.k8s.io_gcp-filestore-csi-driver/249/pull-gcp-filestore-csi-driver-e2e/1516899125646331904/build-log.txt	91	179
https://storage.googleapis.com/kubernetes-jenkins/pr-logs/pull/sigs.k8s.io_gcp-filestore-csi-driver/249/pull-gcp-filestore-csi-driver-e2e/1516902206723330048/build-log.txt	91	109
https://storage.googleapis.com/kubernetes-jenkins/pr-logs/pull/test-infra/22740/pull-test-infra-unit-test/1499875821735645184/build-log.txt	53	58
https://storage.googleapis.com/kubernetes-jenkins/pr-logs/pull/test-infra/25367/pull-test-infra-bazel/1500446306932363264/build-log.txt	5733	5733
https://storage.googleapis.com/kubernetes-jenkins/pr-logs/pull/test-infra/25367/pull-test-infra-bazel/1500480863282925568/build-log.txt	5823	5823
https://storage.googleapis.com/kubernetes-jenkins/pr-logs/pull/test-infra/25367/pull-test-infra-prow-checkconfig/1500446307007860736/build-log.txt	1	1
https://storage.googleapis.com/kubernetes-jenkins/pr-logs/pull/test-infra/25367/pull-test-infra-unit-test/1500475413527269376/build-log.txt	584	584
https://storage.googleapis.com/kubernetes-jenkins/pr-logs/pull/test-infra/25419/pull-test-infra-bazel/1499488615976144896/build-log.txt	5733	5733
https://storage.googleapis.com/kubernetes-jenkins/pr-logs/pull/test-infra/25419/pull-test-infra-verify-lint/1499488616093585408/build-log.txt	570	693
https://storage.googleapis.com/kubernetes-jenkins/pr-logs/pull/test-infra/25495/pull-test-infra-unit-test/1499477953946324992/build-log.txt	497	519
https://storage.googleapis.com/kubernetes-jenkins/pr-logs/pull/test-infra/25498/pull-test-infra-integration/1501981868155736064/build-log.txt	586	596
https://storage.googleapis.com/kubernetes-jenkins/pr-logs/pull/test-infra/25499/pull-test-infra-bazel/1499487510814789632/build-log.txt	5738	5738
https://storage.googleapis.com/kubernetes-jenkins/pr-logs/pull/test-infra/25499/pull-test-infra-unit-test/1499487510969978880/build-log.txt	502	502
https://storage.googleapis.com/kubernetes-jenkins/pr-logs/pull/test-infra/25506/pull-test-infra-bazel/1499548802741178368/build-log.txt	5731	5731
https://storage.googleapis.com/kubernetes-jenkins/pr-logs/pull/test-infra/25511/pull-test-infra-bazel/1499729137739239424/build-log.txt	5827	5828
https://storage.googleapis.com/kubernetes-jenkins/pr-logs/pull/test-infra/25511/pull-test-infra-bazel/1499736521626882048/build-log.txt	5828	5829
https://storage.googleapis.com/kubernetes-jenkins/pr-logs/pull/test-infra/25520/pull-test-infra-verify-lint/1499880481804521472/build-log.txt	158	165
https://storage.googleapis.com/kubernetes-jenkins/pr-logs/pull/test-infra/25521/pull-test-infra-bazel/1500862880365416448/build-log.txt	5829	5830
https://storage.googleapis.com/kubernetes-jenkins/pr-logs/pull/test-infra/25521/pull-test-infra-bazel/1500898116281307136/build-log.txt	5835	5836
https://storage.googleapis.com/kubernetes-jenkins/pr-logs/pull/test-infra/25521/pull-test-infra-unit-test/1500862880398970880/build-log.txt	592	593
https://storage.googleapis.com/kubernetes-jenkins/pr-logs/pull/test-infra/25521/pull-test-infra-unit-test/1500898116310667264/build-log.txt	592	593
https://storage.googleapis.com/kubernetes-jenkins/pr-logs/pull/test-infra/25527/pull-test-infra-unit-test/1500430354098425856/build-log.txt	497	548
https://storage.googleapis.com/kubernetes-jenkins/pr-logs/pull/test-infra/25556/pull-test-infra-integration/1501430303690854400/build-log.txt	585	585
https://storage.googleapis.com/kubernetes-jenkins/pr-logs/pull/test-infra/25561/pull-test-infra-integration/1501644520041746432/build-log.txt	408	415
https://storage.googleapis.com/kubernetes-jenkins/pr-logs/pull/test-infra/25562/pull-test-infra-unit-test/1501656869184212992/build-log.txt	499	503
https://storage.googleapis.com/kubernetes-jenkins/pr-logs/pull/test-infra/25636/pull-test-infra-unit-test/1504275602725670912/build-log.txt	609	617
https://storage.googleapis.com/kubernetes-jenkins/pr-logs/pull/test-infra/25779/pull-test-infra-verify-lint/1516984997821550592/build-log.txt	470	964
https://storage.googleapis.com/kubernetes-jenkins/pr-logs/pull/test-infra/25874/pull-test-infra-gubernator/1516469495210708992/build-log.txt	54	106
https://storage.googleapis.com/kubernetes-jenkins/pr-logs/pull/test-infra/25917/pull-test-infra-verify-lint/1516880144898199552/build-log.txt	172	179
https://storage.googleapis.com/kubernetes-jenkins/pr-logs/pull/test-infra/26004/pull-test-infra-gubernator/1516845367939829760/build-log.txt	123	148
https://storage.googleapis.com/kubernetes-jenkins/pr-logs/pull/test-infra/26004/pull-test-infra-unit-test/1516847831321677824/build-log.txt	617	691
https://storage.googleapis.com/kubernetes-jenkins/pr-logs/pull/test-infra/26034/pull-test-infra-gubernator/1516786843457163264/build-log.txt	123	127
https://storage.googleapis.com/kubernetes-jenkins/pr-logs/pull/test-infra/26034/pull-test-infra-gubernator/1516787817835925504/build-log.txt	123	127
https://storage.googleapis.com/kubernetes-jenkins/pr-logs/pull/test-infra/26034/pull-test-infra-prow-checkconfig/1516786843503300608/build-log.txt	1	1
https://storage.googleapis.com/kubernetes-jenkins/pr-logs/pull/test-infra/26034/pull-test-infra-prow-checkconfig/1516787817865285632/build-log.txt	1	1
https://storage.googleapis.com/kubernetes-jenkins/pr-logs/pull/test-infra/26038/pull-test-infra-prow-checkconfig/1516848402086760448/build-log.txt	1	1
https://storage.googleapis.com/kubernetes-jenkins/pr-logs/pull/test-infra/26039/pull-test-infra-verify-lint/1516819286692204544/build-log.txt	169	180
https://storage.googleapis.com/kubernetes-jenkins/pr-logs/pull/test-infra/26059/pull-test-infra-verify-lint/1517201324305813504/build-log.txt	172	191
